Path,Bam,Label,Locality,Individual,Collection Locality,Geographic Region
/home/abenj93/projects/RelictDace/data/de_novo/RD_alignment/RAD_align/RD_BTOC_001_R1.sort.proper.rmdup.bam,RD_BTOC_001,RD_BTOC_001,BTOC,1,BTOC,Western Valleys
/home/abenj93/projects/RelictDace/data/de_novo/RD_alignment/RAD_align/RD_BTOC_002_R1.sort.proper.rmdup.bam,RD_BTOC_002,RD_BTOC_002,BTOC,2,BTOC,Western Valleys
/home/abenj93/projects/RelictDace/data/de_novo/RD_alignment/RAD_align/RD_BTOC_003_R1.sort.proper.rmdup.bam,RD_BTOC_003,RD_BTOC_003,BTOC,3,BTOC,Western Valleys
/home/abenj93/projects/RelictDace/data/de_novo/RD_alignment/RAD_align/RD_BTOC_004_R1.sort.proper.rmdup.bam,RD_BTOC_004,RD_BTOC_004,BTOC,4,BTOC,Western Valleys
/home/abenj93/projects/RelictDace/data/de_novo/RD_alignment/RAD_align/RD_BTOC_006_R1.sort.proper.rmdup.bam,RD_BTOC_006,RD_BTOC_006,BTOC,5,BTOC,Western Valleys
/home/abenj93/projects/RelictDace/data/de_novo/RD_alignment/RAD_align/RD_BTOC_007_R1.sort.proper.rmdup.bam,RD_BTOC_007,RD_BTOC_007,BTOC,6,BTOC,Western Valleys
/home/abenj93/projects/RelictDace/data/de_novo/RD_alignment/RAD_align/RD_BTOC_008_R1.sort.proper.rmdup.bam,RD_BTOC_008,RD_BTOC_008,BTOC,7,BTOC,Western Valleys
/home/abenj93/projects/RelictDace/data/de_novo/RD_alignment/RAD_align/RD_BTOC_009_R1.sort.proper.rmdup.bam,RD_BTOC_009,RD_BTOC_009,BTOC,8,BTOC,Western Valleys
/home/abenj93/projects/RelictDace/data/de_novo/RD_alignment/RAD_align/RD_BTOC_010_R1.sort.proper.rmdup.bam,RD_BTOC_010,RD_BTOC_010,BTOC,9,BTOC,Western Valleys
/home/abenj93/projects/RelictDace/data/de_novo/RD_alignment/RAD_align/RD_BTOC_011_R1.sort.proper.rmdup.bam,RD_BTOC_011,RD_BTOC_011,BTOC,10,BTOC,Western Valleys
/home/abenj93/projects/RelictDace/data/de_novo/RD_alignment/RAD_align/RD_BTOC_012_R1.sort.proper.rmdup.bam,RD_BTOC_012,RD_BTOC_012,BTOC,11,BTOC,Western Valleys
/home/abenj93/projects/RelictDace/data/de_novo/RD_alignment/RAD_align/RD_BTOC_013_R1.sort.proper.rmdup.bam,RD_BTOC_013,RD_BTOC_013,BTOC,12,BTOC,Western Valleys
/home/abenj93/projects/RelictDace/data/de_novo/RD_alignment/RAD_align/RD_BTOC_014_R1.sort.proper.rmdup.bam,RD_BTOC_014,RD_BTOC_014,BTOC,13,BTOC,Western Valleys
/home/abenj93/projects/RelictDace/data/de_novo/RD_alignment/RAD_align/RD_BTOC_015_R1.sort.proper.rmdup.bam,RD_BTOC_015,RD_BTOC_015,BTOC,14,BTOC,Western Valleys
/home/abenj93/projects/RelictDace/data/de_novo/RD_alignment/RAD_align/RD_BTOC_016_R1.sort.proper.rmdup.bam,RD_BTOC_016,RD_BTOC_016,BTOC,15,BTOC,Western Valleys
/home/abenj93/projects/RelictDace/data/de_novo/RD_alignment/RAD_align/RD_BTOC_017_R1.sort.proper.rmdup.bam,RD_BTOC_017,RD_BTOC_017,BTOC,16,BTOC,Western Valleys
/home/abenj93/projects/RelictDace/data/de_novo/RD_alignment/RAD_align/RD_BTOC_018_R1.sort.proper.rmdup.bam,RD_BTOC_018,RD_BTOC_018,BTOC,17,BTOC,Western Valleys
/home/abenj93/projects/RelictDace/data/de_novo/RD_alignment/RAD_align/RD_BTOC_019_R1.sort.proper.rmdup.bam,RD_BTOC_019,RD_BTOC_019,BTOC,18,BTOC,Western Valleys
/home/abenj93/projects/RelictDace/data/de_novo/RD_alignment/RAD_align/RD_BTOC_020_R1.sort.proper.rmdup.bam,RD_BTOC_020,RD_BTOC_020,BTOC,19,BTOC,Western Valleys
/home/abenj93/projects/RelictDace/data/de_novo/RD_alignment/RAD_align/RD_BTOC_021_R1.sort.proper.rmdup.bam,RD_BTOC_021,RD_BTOC_021,BTOC,20,BTOC,Western Valleys
/home/abenj93/projects/RelictDace/data/de_novo/RD_alignment/RAD_align/RD_BTOC_022_R1.sort.proper.rmdup.bam,RD_BTOC_022,RD_BTOC_022,BTOC,21,BTOC,Western Valleys
/home/abenj93/projects/RelictDace/data/de_novo/RD_alignment/RAD_align/RD_BTOC_023_R1.sort.proper.rmdup.bam,RD_BTOC_023,RD_BTOC_023,BTOC,22,BTOC,Western Valleys
/home/abenj93/projects/RelictDace/data/de_novo/RD_alignment/RAD_align/RD_BTOC_024_R1.sort.proper.rmdup.bam,RD_BTOC_024,RD_BTOC_024,BTOC,23,BTOC,Western Valleys
/home/abenj93/projects/RelictDace/data/de_novo/RD_alignment/RAD_align/RD_BTOC_025_R1.sort.proper.rmdup.bam,RD_BTOC_025,RD_BTOC_025,BTOC,24,BTOC,Western Valleys
/home/abenj93/projects/RelictDace/data/de_novo/RD_alignment/RAD_align/RD_BTQP_001_R1.sort.proper.rmdup.bam,RD_BTQP_001,RD_BTQP_001,BTQP,25,BTQP,Western Valleys
/home/abenj93/projects/RelictDace/data/de_novo/RD_alignment/RAD_align/RD_BTQP_003_R1.sort.proper.rmdup.bam,RD_BTQP_003,RD_BTQP_003,BTQP,26,BTQP,Western Valleys
/home/abenj93/projects/RelictDace/data/de_novo/RD_alignment/RAD_align/RD_BTQP_004_R1.sort.proper.rmdup.bam,RD_BTQP_004,RD_BTQP_004,BTQP,27,BTQP,Western Valleys
/home/abenj93/projects/RelictDace/data/de_novo/RD_alignment/RAD_align/RD_BTQP_005_R1.sort.proper.rmdup.bam,RD_BTQP_005,RD_BTQP_005,BTQP,28,BTQP,Western Valleys
/home/abenj93/projects/RelictDace/data/de_novo/RD_alignment/RAD_align/RD_BTQP_006_R1.sort.proper.rmdup.bam,RD_BTQP_006,RD_BTQP_006,BTQP,29,BTQP,Western Valleys
/home/abenj93/projects/RelictDace/data/de_novo/RD_alignment/RAD_align/RD_BTQP_008_R1.sort.proper.rmdup.bam,RD_BTQP_008,RD_BTQP_008,BTQP,31,BTQP,Western Valleys
/home/abenj93/projects/RelictDace/data/de_novo/RD_alignment/RAD_align/RD_BTQP_009_R1.sort.proper.rmdup.bam,RD_BTQP_009,RD_BTQP_009,BTQP,32,BTQP,Western Valleys
/home/abenj93/projects/RelictDace/data/de_novo/RD_alignment/RAD_align/RD_BTQP_010_R1.sort.proper.rmdup.bam,RD_BTQP_010,RD_BTQP_010,BTQP,33,BTQP,Western Valleys
/home/abenj93/projects/RelictDace/data/de_novo/RD_alignment/RAD_align/RD_BTQP_011_R1.sort.proper.rmdup.bam,RD_BTQP_011,RD_BTQP_011,BTQP,34,BTQP,Western Valleys
/home/abenj93/projects/RelictDace/data/de_novo/RD_alignment/RAD_align/RD_BTQP_012_R1.sort.proper.rmdup.bam,RD_BTQP_012,RD_BTQP_012,BTQP,35,BTQP,Western Valleys
/home/abenj93/projects/RelictDace/data/de_novo/RD_alignment/RAD_align/RD_BTQP_013_R1.sort.proper.rmdup.bam,RD_BTQP_013,RD_BTQP_013,BTQP,36,BTQP,Western Valleys
/home/abenj93/projects/RelictDace/data/de_novo/RD_alignment/RAD_align/RD_BTQP_014_R1.sort.proper.rmdup.bam,RD_BTQP_014,RD_BTQP_014,BTQP,37,BTQP,Western Valleys
/home/abenj93/projects/RelictDace/data/de_novo/RD_alignment/RAD_align/RD_BTQP_015_R1.sort.proper.rmdup.bam,RD_BTQP_015,RD_BTQP_015,BTQP,38,BTQP,Western Valleys
/home/abenj93/projects/RelictDace/data/de_novo/RD_alignment/RAD_align/RD_BTQP_016_R1.sort.proper.rmdup.bam,RD_BTQP_016,RD_BTQP_016,BTQP,39,BTQP,Western Valleys
/home/abenj93/projects/RelictDace/data/de_novo/RD_alignment/RAD_align/RD_BTQP_017_R1.sort.proper.rmdup.bam,RD_BTQP_017,RD_BTQP_017,BTQP,40,BTQP,Western Valleys
/home/abenj93/projects/RelictDace/data/de_novo/RD_alignment/RAD_align/RD_BTQP_018_R1.sort.proper.rmdup.bam,RD_BTQP_018,RD_BTQP_018,BTQP,41,BTQP,Western Valleys
/home/abenj93/projects/RelictDace/data/de_novo/RD_alignment/RAD_align/RD_BTQP_019_R1.sort.proper.rmdup.bam,RD_BTQP_019,RD_BTQP_019,BTQP,42,BTQP,Western Valleys
/home/abenj93/projects/RelictDace/data/de_novo/RD_alignment/RAD_align/RD_BTQP_020_R1.sort.proper.rmdup.bam,RD_BTQP_020,RD_BTQP_020,BTQP,43,BTQP,Western Valleys
/home/abenj93/projects/RelictDace/data/de_novo/RD_alignment/RAD_align/RD_GSJS_001_R1.sort.proper.rmdup.bam,RD_GSJS_001,RD_GSJS_001,GSJS_NS05,44,GSJS,Eastern Valleys
/home/abenj93/projects/RelictDace/data/de_novo/RD_alignment/RAD_align/RD_GSJS_002_R1.sort.proper.rmdup.bam,RD_GSJS_002,RD_GSJS_002,GSJS_NS05,45,GSJS,Eastern Valleys
/home/abenj93/projects/RelictDace/data/de_novo/RD_alignment/RAD_align/RD_GSJS_003_R1.sort.proper.rmdup.bam,RD_GSJS_003,RD_GSJS_003,GSJS_NS05,46,GSJS,Eastern Valleys
/home/abenj93/projects/RelictDace/data/de_novo/RD_alignment/RAD_align/RD_GSJS_004_R1.sort.proper.rmdup.bam,RD_GSJS_004,RD_GSJS_004,GSJS_NS05,47,GSJS,Eastern Valleys
/home/abenj93/projects/RelictDace/data/de_novo/RD_alignment/RAD_align/RD_GSJS_005_R1.sort.proper.rmdup.bam,RD_GSJS_005,RD_GSJS_005,GSJS_NS05,48,GSJS,Eastern Valleys
/home/abenj93/projects/RelictDace/data/de_novo/RD_alignment/RAD_align/RD_GSJS_006_R1.sort.proper.rmdup.bam,RD_GSJS_006,RD_GSJS_006,GSJS_NS05,49,GSJS,Eastern Valleys
/home/abenj93/projects/RelictDace/data/de_novo/RD_alignment/RAD_align/RD_GSJS_007_R1.sort.proper.rmdup.bam,RD_GSJS_007,RD_GSJS_007,GSJS_NS05,50,GSJS,Eastern Valleys
/home/abenj93/projects/RelictDace/data/de_novo/RD_alignment/RAD_align/RD_GSJS_008_R1.sort.proper.rmdup.bam,RD_GSJS_008,RD_GSJS_008,GSJS_NS05,51,GSJS,Eastern Valleys
/home/abenj93/projects/RelictDace/data/de_novo/RD_alignment/RAD_align/RD_GSJS_009_R1.sort.proper.rmdup.bam,RD_GSJS_009,RD_GSJS_009,GSJS_NS05,52,GSJS,Eastern Valleys
/home/abenj93/projects/RelictDace/data/de_novo/RD_alignment/RAD_align/RD_GSJS_010_R1.sort.proper.rmdup.bam,RD_GSJS_010,RD_GSJS_010,GSJS_NS05,53,GSJS,Eastern Valleys
/home/abenj93/projects/RelictDace/data/de_novo/RD_alignment/RAD_align/RD_GSJS_011_R1.sort.proper.rmdup.bam,RD_GSJS_011,RD_GSJS_011,GSJS_NS03,54,GSJS,Eastern Valleys
/home/abenj93/projects/RelictDace/data/de_novo/RD_alignment/RAD_align/RD_GSJS_012_R1.sort.proper.rmdup.bam,RD_GSJS_012,RD_GSJS_012,GSJS_NS03,55,GSJS,Eastern Valleys
/home/abenj93/projects/RelictDace/data/de_novo/RD_alignment/RAD_align/RD_GSJS_013_R1.sort.proper.rmdup.bam,RD_GSJS_013,RD_GSJS_013,GSJS_NS03,56,GSJS,Eastern Valleys
/home/abenj93/projects/RelictDace/data/de_novo/RD_alignment/RAD_align/RD_GSJS_014_R1.sort.proper.rmdup.bam,RD_GSJS_014,RD_GSJS_014,GSJS_NS03,57,GSJS,Eastern Valleys
/home/abenj93/projects/RelictDace/data/de_novo/RD_alignment/RAD_align/RD_GSJS_015_R1.sort.proper.rmdup.bam,RD_GSJS_015,RD_GSJS_015,GSJS_NS03,58,GSJS,Eastern Valleys
/home/abenj93/projects/RelictDace/data/de_novo/RD_alignment/RAD_align/RD_GSJS_016_R1.sort.proper.rmdup.bam,RD_GSJS_016,RD_GSJS_016,GSJS_NS03,59,GSJS,Eastern Valleys
/home/abenj93/projects/RelictDace/data/de_novo/RD_alignment/RAD_align/RD_GSJS_017_R1.sort.proper.rmdup.bam,RD_GSJS_017,RD_GSJS_017,GSJS_NS03,60,GSJS,Eastern Valleys
/home/abenj93/projects/RelictDace/data/de_novo/RD_alignment/RAD_align/RD_GSJS_018_R1.sort.proper.rmdup.bam,RD_GSJS_018,RD_GSJS_018,GSJS_NS03,61,GSJS,Eastern Valleys
/home/abenj93/projects/RelictDace/data/de_novo/RD_alignment/RAD_align/RD_GSJS_019_R1.sort.proper.rmdup.bam,RD_GSJS_019,RD_GSJS_019,GSJS_NS03,62,GSJS,Eastern Valleys
/home/abenj93/projects/RelictDace/data/de_novo/RD_alignment/RAD_align/RD_GSJS_020_R1.sort.proper.rmdup.bam,RD_GSJS_020,RD_GSJS_020,GSJS_NS03,63,GSJS,Eastern Valleys
/home/abenj93/projects/RelictDace/data/de_novo/RD_alignment/RAD_align/RD_GSJS_021_R1.sort.proper.rmdup.bam,RD_GSJS_021,RD_GSJS_021,GSJS_CS03,64,GSJS,Eastern Valleys
/home/abenj93/projects/RelictDace/data/de_novo/RD_alignment/RAD_align/RD_GSJS_022_R1.sort.proper.rmdup.bam,RD_GSJS_022,RD_GSJS_022,GSJS_CS03,65,GSJS,Eastern Valleys
/home/abenj93/projects/RelictDace/data/de_novo/RD_alignment/RAD_align/RD_GSJS_023_R1.sort.proper.rmdup.bam,RD_GSJS_023,RD_GSJS_023,GSJS_CS03,66,GSJS,Eastern Valleys
/home/abenj93/projects/RelictDace/data/de_novo/RD_alignment/RAD_align/RD_GSJS_024_R1.sort.proper.rmdup.bam,RD_GSJS_024,RD_GSJS_024,GSJS_CS03,67,GSJS,Eastern Valleys
/home/abenj93/projects/RelictDace/data/de_novo/RD_alignment/RAD_align/RD_GSJS_025_R1.sort.proper.rmdup.bam,RD_GSJS_025,RD_GSJS_025,GSJS_CS03,68,GSJS,Eastern Valleys
/home/abenj93/projects/RelictDace/data/de_novo/RD_alignment/RAD_align/RD_GSJS_026_R1.sort.proper.rmdup.bam,RD_GSJS_026,RD_GSJS_026,GSJS_CS03,69,GSJS,Eastern Valleys
/home/abenj93/projects/RelictDace/data/de_novo/RD_alignment/RAD_align/RD_GSJS_027_R1.sort.proper.rmdup.bam,RD_GSJS_027,RD_GSJS_027,GSJS_CS03,70,GSJS,Eastern Valleys
/home/abenj93/projects/RelictDace/data/de_novo/RD_alignment/RAD_align/RD_GSJS_028_R1.sort.proper.rmdup.bam,RD_GSJS_028,RD_GSJS_028,GSJS_CS03,71,GSJS,Eastern Valleys
/home/abenj93/projects/RelictDace/data/de_novo/RD_alignment/RAD_align/RD_GSJS_029_R1.sort.proper.rmdup.bam,RD_GSJS_029,RD_GSJS_029,GSJS_CS03,72,GSJS,Eastern Valleys
/home/abenj93/projects/RelictDace/data/de_novo/RD_alignment/RAD_align/RD_GSJS_030_R1.sort.proper.rmdup.bam,RD_GSJS_030,RD_GSJS_030,GSJS_CS03,73,GSJS,Eastern Valleys
/home/abenj93/projects/RelictDace/data/de_novo/RD_alignment/RAD_align/RD_GSJS_031_R1.sort.proper.rmdup.bam,RD_GSJS_031,RD_GSJS_031,GSJS_CS02,74,GSJS,Eastern Valleys
/home/abenj93/projects/RelictDace/data/de_novo/RD_alignment/RAD_align/RD_GSJS_032_R1.sort.proper.rmdup.bam,RD_GSJS_032,RD_GSJS_032,GSJS_CS02,75,GSJS,Eastern Valleys
/home/abenj93/projects/RelictDace/data/de_novo/RD_alignment/RAD_align/RD_GSJS_033_R1.sort.proper.rmdup.bam,RD_GSJS_033,RD_GSJS_033,GSJS_CS02,76,GSJS,Eastern Valleys
/home/abenj93/projects/RelictDace/data/de_novo/RD_alignment/RAD_align/RD_GSJS_034_R1.sort.proper.rmdup.bam,RD_GSJS_034,RD_GSJS_034,GSJS_CS02,77,GSJS,Eastern Valleys
/home/abenj93/projects/RelictDace/data/de_novo/RD_alignment/RAD_align/RD_GSJS_035_R1.sort.proper.rmdup.bam,RD_GSJS_035,RD_GSJS_035,GSJS_CS02,78,GSJS,Eastern Valleys
/home/abenj93/projects/RelictDace/data/de_novo/RD_alignment/RAD_align/RD_GSJS_036_R1.sort.proper.rmdup.bam,RD_GSJS_036,RD_GSJS_036,GSJS_CS02,79,GSJS,Eastern Valleys
/home/abenj93/projects/RelictDace/data/de_novo/RD_alignment/RAD_align/RD_GSJS_037_R1.sort.proper.rmdup.bam,RD_GSJS_037,RD_GSJS_037,GSJS_CS02,80,GSJS,Eastern Valleys
/home/abenj93/projects/RelictDace/data/de_novo/RD_alignment/RAD_align/RD_GSJS_038_R1.sort.proper.rmdup.bam,RD_GSJS_038,RD_GSJS_038,GSJS_CS02,81,GSJS,Eastern Valleys
/home/abenj93/projects/RelictDace/data/de_novo/RD_alignment/RAD_align/RD_GSJS_039_R1.sort.proper.rmdup.bam,RD_GSJS_039,RD_GSJS_039,GSJS_CS02,82,GSJS,Eastern Valleys
/home/abenj93/projects/RelictDace/data/de_novo/RD_alignment/RAD_align/RD_GSJS_040_R1.sort.proper.rmdup.bam,RD_GSJS_040,RD_GSJS_040,GSJS_CS02,83,GSJS,Eastern Valleys
/home/abenj93/projects/RelictDace/data/de_novo/RD_alignment/RAD_align/RD_GSJS_041_R1.sort.proper.rmdup.bam,RD_GSJS_041,RD_GSJS_041,GSJS_CS04,84,GSJS,Eastern Valleys
/home/abenj93/projects/RelictDace/data/de_novo/RD_alignment/RAD_align/RD_GSJS_042_R1.sort.proper.rmdup.bam,RD_GSJS_042,RD_GSJS_042,GSJS_CS04,85,GSJS,Eastern Valleys
/home/abenj93/projects/RelictDace/data/de_novo/RD_alignment/RAD_align/RD_GSJS_043_R1.sort.proper.rmdup.bam,RD_GSJS_043,RD_GSJS_043,GSJS_CS04,86,GSJS,Eastern Valleys
/home/abenj93/projects/RelictDace/data/de_novo/RD_alignment/RAD_align/RD_GSJS_044_R1.sort.proper.rmdup.bam,RD_GSJS_044,RD_GSJS_044,GSJS_CS04,87,GSJS,Eastern Valleys
/home/abenj93/projects/RelictDace/data/de_novo/RD_alignment/RAD_align/RD_GSJS_047_R1.sort.proper.rmdup.bam,RD_GSJS_047,RD_GSJS_047,GSJS_CS04,90,GSJS,Eastern Valleys
/home/abenj93/projects/RelictDace/data/de_novo/RD_alignment/RAD_align/RD_GSJS_048_R1.sort.proper.rmdup.bam,RD_GSJS_048,RD_GSJS_048,GSJS_CS04,91,GSJS,Eastern Valleys
/home/abenj93/projects/RelictDace/data/de_novo/RD_alignment/RAD_align/RD_GSJS_049_R1.sort.proper.rmdup.bam,RD_GSJS_049,RD_GSJS_049,GSJS_CS11,92,GSJS,Eastern Valleys
/home/abenj93/projects/RelictDace/data/de_novo/RD_alignment/RAD_align/RD_GSJS_050_R1.sort.proper.rmdup.bam,RD_GSJS_050,RD_GSJS_050,GSJS_CS11,93,GSJS,Eastern Valleys
/home/abenj93/projects/RelictDace/data/de_novo/RD_alignment/RAD_align/RD_GSJS_051_R1.sort.proper.rmdup.bam,RD_GSJS_051,RD_GSJS_051,GSJS_CS11,94,GSJS,Eastern Valleys
/home/abenj93/projects/RelictDace/data/de_novo/RD_alignment/RAD_align/RD_GSJS_052_R1.sort.proper.rmdup.bam,RD_GSJS_052,RD_GSJS_052,GSJS_CS11,95,GSJS,Eastern Valleys
/home/abenj93/projects/RelictDace/data/de_novo/RD_alignment/RAD_align/RD_GSJS_053_R1.sort.proper.rmdup.bam,RD_GSJS_053,RD_GSJS_053,GSJS_CS11,96,GSJS,Eastern Valleys
/home/abenj93/projects/RelictDace/data/de_novo/RD_alignment/RAD_align/RD_GSJS_054_R1.sort.proper.rmdup.bam,RD_GSJS_054,RD_GSJS_054,GSJS_CS11,97,GSJS,Eastern Valleys
/home/abenj93/projects/RelictDace/data/de_novo/RD_alignment/RAD_align/RD_GSJS_055_R1.sort.proper.rmdup.bam,RD_GSJS_055,RD_GSJS_055,GSJS_CS11,98,GSJS,Eastern Valleys
/home/abenj93/projects/RelictDace/data/de_novo/RD_alignment/RAD_align/RD_GSJS_056_R1.sort.proper.rmdup.bam,RD_GSJS_056,RD_GSJS_056,GSJS_CS11,99,GSJS,Eastern Valleys
/home/abenj93/projects/RelictDace/data/de_novo/RD_alignment/RAD_align/RD_GSJS_057_R1.sort.proper.rmdup.bam,RD_GSJS_057,RD_GSJS_057,GSJS_CS11,100,GSJS,Eastern Valleys
/home/abenj93/projects/RelictDace/data/de_novo/RD_alignment/RAD_align/RD_GSJS_058_R1.sort.proper.rmdup.bam,RD_GSJS_058,RD_GSJS_058,GSJS_CS11,101,GSJS,Eastern Valleys
/home/abenj93/projects/RelictDace/data/de_novo/RD_alignment/RAD_align/RD_GSJS_059_R1.sort.proper.rmdup.bam,RD_GSJS_059,RD_GSJS_059,GSJS_CS16,102,GSJS,Eastern Valleys
/home/abenj93/projects/RelictDace/data/de_novo/RD_alignment/RAD_align/RD_GSJS_060_R1.sort.proper.rmdup.bam,RD_GSJS_060,RD_GSJS_060,GSJS_CS16,103,GSJS,Eastern Valleys
/home/abenj93/projects/RelictDace/data/de_novo/RD_alignment/RAD_align/RD_GSJS_061_R1.sort.proper.rmdup.bam,RD_GSJS_061,RD_GSJS_061,GSJS_CS16,104,GSJS,Eastern Valleys
/home/abenj93/projects/RelictDace/data/de_novo/RD_alignment/RAD_align/RD_GSJS_062_R1.sort.proper.rmdup.bam,RD_GSJS_062,RD_GSJS_062,GSJS_CS16,105,GSJS,Eastern Valleys
/home/abenj93/projects/RelictDace/data/de_novo/RD_alignment/RAD_align/RD_GSJS_063_R1.sort.proper.rmdup.bam,RD_GSJS_063,RD_GSJS_063,GSJS_CS16,106,GSJS,Eastern Valleys
/home/abenj93/projects/RelictDace/data/de_novo/RD_alignment/RAD_align/RD_GSJS_064_R1.sort.proper.rmdup.bam,RD_GSJS_064,RD_GSJS_064,GSJS_CS16,107,GSJS,Eastern Valleys
/home/abenj93/projects/RelictDace/data/de_novo/RD_alignment/RAD_align/RD_GSJS_065_R1.sort.proper.rmdup.bam,RD_GSJS_065,RD_GSJS_065,GSJS_CS16,108,GSJS,Eastern Valleys
/home/abenj93/projects/RelictDace/data/de_novo/RD_alignment/RAD_align/RD_GSJS_066_R1.sort.proper.rmdup.bam,RD_GSJS_066,RD_GSJS_066,GSJS_CS16,109,GSJS,Eastern Valleys
/home/abenj93/projects/RelictDace/data/de_novo/RD_alignment/RAD_align/RD_GSJS_067_R1.sort.proper.rmdup.bam,RD_GSJS_067,RD_GSJS_067,GSJS_CS16,110,GSJS,Eastern Valleys
/home/abenj93/projects/RelictDace/data/de_novo/RD_alignment/RAD_align/RD_GSJS_069_R1.sort.proper.rmdup.bam,RD_GSJS_069,RD_GSJS_069,GSJS_CS16,112,GSJS,Eastern Valleys
/home/abenj93/projects/RelictDace/data/de_novo/RD_alignment/RAD_align/RD_GSJS_070_R1.sort.proper.rmdup.bam,RD_GSJS_070,RD_GSJS_070,GSJS_CS16,113,GSJS,Eastern Valleys
/home/abenj93/projects/RelictDace/data/de_novo/RD_alignment/RAD_align/RD_GSJS_072_R1.sort.proper.rmdup.bam,RD_GSJS_072,RD_GSJS_072,GSJS_CS16,115,GSJS,Eastern Valleys
/home/abenj93/projects/RelictDace/data/de_novo/RD_alignment/RAD_align/RD_GSJS_073_R1.sort.proper.rmdup.bam,RD_GSJS_073,RD_GSJS_073,GSJS_CS16,116,GSJS,Eastern Valleys
/home/abenj93/projects/RelictDace/data/de_novo/RD_alignment/RAD_align/RD_GSJS_074_R1.sort.proper.rmdup.bam,RD_GSJS_074,RD_GSJS_074,GSJS_CS16,117,GSJS,Eastern Valleys
/home/abenj93/projects/RelictDace/data/de_novo/RD_alignment/RAD_align/RD_GSJS_075_R1.sort.proper.rmdup.bam,RD_GSJS_075,RD_GSJS_075,GSJS_CS16,118,GSJS,Eastern Valleys
/home/abenj93/projects/RelictDace/data/de_novo/RD_alignment/RAD_align/RD_GSJS_076_R1.sort.proper.rmdup.bam,RD_GSJS_076,RD_GSJS_076,GSJS_CS16,119,GSJS,Eastern Valleys
/home/abenj93/projects/RelictDace/data/de_novo/RD_alignment/RAD_align/RD_GSJS_077_R1.sort.proper.rmdup.bam,RD_GSJS_077,RD_GSJS_077,GSJS_CS16,120,GSJS,Eastern Valleys
/home/abenj93/projects/RelictDace/data/de_novo/RD_alignment/RAD_align/RD_GSJS_078_R1.sort.proper.rmdup.bam,RD_GSJS_078,RD_GSJS_078,GSJS_CS16,121,GSJS,Eastern Valleys
/home/abenj93/projects/RelictDace/data/de_novo/RD_alignment/RAD_align/RD_GSJS_079_R1.sort.proper.rmdup.bam,RD_GSJS_079,RD_GSJS_079,GSJS_CS22A,122,GSJS,Eastern Valleys
/home/abenj93/projects/RelictDace/data/de_novo/RD_alignment/RAD_align/RD_GSJS_080_R1.sort.proper.rmdup.bam,RD_GSJS_080,RD_GSJS_080,GSJS_CS22A,123,GSJS,Eastern Valleys
/home/abenj93/projects/RelictDace/data/de_novo/RD_alignment/RAD_align/RD_GSJS_081_R1.sort.proper.rmdup.bam,RD_GSJS_081,RD_GSJS_081,GSJS_CS22A,124,GSJS,Eastern Valleys
/home/abenj93/projects/RelictDace/data/de_novo/RD_alignment/RAD_align/RD_GSJS_082_R1.sort.proper.rmdup.bam,RD_GSJS_082,RD_GSJS_082,GSJS_CS22A,125,GSJS,Eastern Valleys
/home/abenj93/projects/RelictDace/data/de_novo/RD_alignment/RAD_align/RD_GSJS_083_R1.sort.proper.rmdup.bam,RD_GSJS_083,RD_GSJS_083,GSJS_CS22A,126,GSJS,Eastern Valleys
/home/abenj93/projects/RelictDace/data/de_novo/RD_alignment/RAD_align/RD_GSJS_085_R1.sort.proper.rmdup.bam,RD_GSJS_085,RD_GSJS_085,GSJS_CS22A,128,GSJS,Eastern Valleys
/home/abenj93/projects/RelictDace/data/de_novo/RD_alignment/RAD_align/RD_GSJS_086_R1.sort.proper.rmdup.bam,RD_GSJS_086,RD_GSJS_086,GSJS_CS22A,129,GSJS,Eastern Valleys
/home/abenj93/projects/RelictDace/data/de_novo/RD_alignment/RAD_align/RD_GSJS_087_R1.sort.proper.rmdup.bam,RD_GSJS_087,RD_GSJS_087,GSJS_CS22A,130,GSJS,Eastern Valleys
/home/abenj93/projects/RelictDace/data/de_novo/RD_alignment/RAD_align/RD_GSJS_088_R1.sort.proper.rmdup.bam,RD_GSJS_088,RD_GSJS_088,GSJS_CS22A,131,GSJS,Eastern Valleys
/home/abenj93/projects/RelictDace/data/de_novo/RD_alignment/RAD_align/RD_GSJS_089_R1.sort.proper.rmdup.bam,RD_GSJS_089,RD_GSJS_089,GSJS_CS22A,132,GSJS,Eastern Valleys
/home/abenj93/projects/RelictDace/data/de_novo/RD_alignment/RAD_align/RD_GSJS_090_R1.sort.proper.rmdup.bam,RD_GSJS_090,RD_GSJS_090,GSJS_CS22A,133,GSJS,Eastern Valleys
/home/abenj93/projects/RelictDace/data/de_novo/RD_alignment/RAD_align/RD_GSJS_091_R1.sort.proper.rmdup.bam,RD_GSJS_091,RD_GSJS_091,GSJS_CS22A,134,GSJS,Eastern Valleys
/home/abenj93/projects/RelictDace/data/de_novo/RD_alignment/RAD_align/RD_GSJS_092_R1.sort.proper.rmdup.bam,RD_GSJS_092,RD_GSJS_092,GSJS_CS22A,135,GSJS,Eastern Valleys
/home/abenj93/projects/RelictDace/data/de_novo/RD_alignment/RAD_align/RD_GSJS_093_R1.sort.proper.rmdup.bam,RD_GSJS_093,RD_GSJS_093,GSJS_CS22A,136,GSJS,Eastern Valleys
/home/abenj93/projects/RelictDace/data/de_novo/RD_alignment/RAD_align/RD_GSJS_094_R1.sort.proper.rmdup.bam,RD_GSJS_094,RD_GSJS_094,GSJS_CS22A,137,GSJS,Eastern Valleys
/home/abenj93/projects/RelictDace/data/de_novo/RD_alignment/RAD_align/RD_GSJS_095_R1.sort.proper.rmdup.bam,RD_GSJS_095,RD_GSJS_095,GSJS_CS22A,138,GSJS,Eastern Valleys
/home/abenj93/projects/RelictDace/data/de_novo/RD_alignment/RAD_align/RD_GSJS_096_R1.sort.proper.rmdup.bam,RD_GSJS_096,RD_GSJS_096,GSJS_CS22A,139,GSJS,Eastern Valleys
/home/abenj93/projects/RelictDace/data/de_novo/RD_alignment/RAD_align/RD_GSJS_097_R1.sort.proper.rmdup.bam,RD_GSJS_097,RD_GSJS_097,GSJS_CS22A,140,GSJS,Eastern Valleys
/home/abenj93/projects/RelictDace/data/de_novo/RD_alignment/RAD_align/RD_GSJS_098_R1.sort.proper.rmdup.bam,RD_GSJS_098,RD_GSJS_098,GSJS_CS22A,141,GSJS,Eastern Valleys
/home/abenj93/projects/RelictDace/data/de_novo/RD_alignment/RAD_align/RD_GSJS_099_R1.sort.proper.rmdup.bam,RD_GSJS_099,RD_GSJS_099,GSJS_BS,142,GSJS,Eastern Valleys
/home/abenj93/projects/RelictDace/data/de_novo/RD_alignment/RAD_align/RD_GSJS_101_R1.sort.proper.rmdup.bam,RD_GSJS_101,RD_GSJS_101,GSJS_BS,144,GSJS,Eastern Valleys
/home/abenj93/projects/RelictDace/data/de_novo/RD_alignment/RAD_align/RD_GSJS_103_R1.sort.proper.rmdup.bam,RD_GSJS_103,RD_GSJS_103,GSJS_BS,146,GSJS,Eastern Valleys
/home/abenj93/projects/RelictDace/data/de_novo/RD_alignment/RAD_align/RD_GSJS_104_R1.sort.proper.rmdup.bam,RD_GSJS_104,RD_GSJS_104,GSJS_BS,147,GSJS,Eastern Valleys
/home/abenj93/projects/RelictDace/data/de_novo/RD_alignment/RAD_align/RD_GSJS_105_R1.sort.proper.rmdup.bam,RD_GSJS_105,RD_GSJS_105,GSJS_BS,148,GSJS,Eastern Valleys
/home/abenj93/projects/RelictDace/data/de_novo/RD_alignment/RAD_align/RD_GSJS_106_R1.sort.proper.rmdup.bam,RD_GSJS_106,RD_GSJS_106,GSJS_BS,149,GSJS,Eastern Valleys
/home/abenj93/projects/RelictDace/data/de_novo/RD_alignment/RAD_align/RD_GSJS_107_R1.sort.proper.rmdup.bam,RD_GSJS_107,RD_GSJS_107,GSJS_BS,150,GSJS,Eastern Valleys
/home/abenj93/projects/RelictDace/data/de_novo/RD_alignment/RAD_align/RD_GSJS_108_R1.sort.proper.rmdup.bam,RD_GSJS_108,RD_GSJS_108,GSJS_BS,151,GSJS,Eastern Valleys
/home/abenj93/projects/RelictDace/data/de_novo/RD_alignment/RAD_align/RD_GSJS_109_R1.sort.proper.rmdup.bam,RD_GSJS_109,RD_GSJS_109,GSJS_BS,152,GSJS,Eastern Valleys
/home/abenj93/projects/RelictDace/data/de_novo/RD_alignment/RAD_align/RD_GSJS_110_R1.sort.proper.rmdup.bam,RD_GSJS_110,RD_GSJS_110,GSJS_BS,153,GSJS,Eastern Valleys
/home/abenj93/projects/RelictDace/data/de_novo/RD_alignment/RAD_align/RD_GSJS_113_R1.sort.proper.rmdup.bam,RD_GSJS_113,RD_GSJS_113,GSJS_BS,156,GSJS,Eastern Valleys
/home/abenj93/projects/RelictDace/data/de_novo/RD_alignment/RAD_align/RD_GSJS_114_R1.sort.proper.rmdup.bam,RD_GSJS_114,RD_GSJS_114,GSJS_BS,157,GSJS,Eastern Valleys
/home/abenj93/projects/RelictDace/data/de_novo/RD_alignment/RAD_align/RD_GSJS_115_R1.sort.proper.rmdup.bam,RD_GSJS_115,RD_GSJS_115,GSJS_BS,158,GSJS,Eastern Valleys
/home/abenj93/projects/RelictDace/data/de_novo/RD_alignment/RAD_align/RD_GSJS_116_R1.sort.proper.rmdup.bam,RD_GSJS_116,RD_GSJS_116,GSJS_BS,159,GSJS,Eastern Valleys
/home/abenj93/projects/RelictDace/data/de_novo/RD_alignment/RAD_align/RD_GSJS_117_R1.sort.proper.rmdup.bam,RD_GSJS_117,RD_GSJS_117,GSJS_BS,160,GSJS,Eastern Valleys
/home/abenj93/projects/RelictDace/data/de_novo/RD_alignment/RAD_align/RD_GSJS_118_R1.sort.proper.rmdup.bam,RD_GSJS_118,RD_GSJS_118,GSJS_BS,161,GSJS,Eastern Valleys
/home/abenj93/projects/RelictDace/data/de_novo/RD_alignment/RAD_align/RD_GSJS_124_R1.sort.proper.rmdup.bam,RD_GSJS_124,RD_GSJS_124,GSJS_SS19,167,GSJS,Eastern Valleys
/home/abenj93/projects/RelictDace/data/de_novo/RD_alignment/RAD_align/RD_GSJS_126_R1.sort.proper.rmdup.bam,RD_GSJS_126,RD_GSJS_126,GSJS_SS19,169,GSJS,Eastern Valleys
/home/abenj93/projects/RelictDace/data/de_novo/RD_alignment/RAD_align/RD_GSJS_127_R1.sort.proper.rmdup.bam,RD_GSJS_127,RD_GSJS_127,GSJS_SS19,170,GSJS,Eastern Valleys
/home/abenj93/projects/RelictDace/data/de_novo/RD_alignment/RAD_align/RD_GSJS_128_R1.sort.proper.rmdup.bam,RD_GSJS_128,RD_GSJS_128,GSJS_SS19,171,GSJS,Eastern Valleys
/home/abenj93/projects/RelictDace/data/de_novo/RD_alignment/RAD_align/RD_GSTS_001_R1.sort.proper.rmdup.bam,RD_GSTS_001,RD_GSTS_001,GSTS,172,GSTS,Twin Springs
/home/abenj93/projects/RelictDace/data/de_novo/RD_alignment/RAD_align/RD_GSTS_002_R1.sort.proper.rmdup.bam,RD_GSTS_002,RD_GSTS_002,GSTS,173,GSTS,Twin Springs
/home/abenj93/projects/RelictDace/data/de_novo/RD_alignment/RAD_align/RD_GSTS_003_R1.sort.proper.rmdup.bam,RD_GSTS_003,RD_GSTS_003,GSTS,174,GSTS,Twin Springs
/home/abenj93/projects/RelictDace/data/de_novo/RD_alignment/RAD_align/RD_GSTS_004_R1.sort.proper.rmdup.bam,RD_GSTS_004,RD_GSTS_004,GSTS,175,GSTS,Twin Springs
/home/abenj93/projects/RelictDace/data/de_novo/RD_alignment/RAD_align/RD_GSTS_005_R1.sort.proper.rmdup.bam,RD_GSTS_005,RD_GSTS_005,GSTS,176,GSTS,Twin Springs
/home/abenj93/projects/RelictDace/data/de_novo/RD_alignment/RAD_align/RD_GSTS_006_R1.sort.proper.rmdup.bam,RD_GSTS_006,RD_GSTS_006,GSTS,177,GSTS,Twin Springs
/home/abenj93/projects/RelictDace/data/de_novo/RD_alignment/RAD_align/RD_GSTS_007_R1.sort.proper.rmdup.bam,RD_GSTS_007,RD_GSTS_007,GSTS,178,GSTS,Twin Springs
/home/abenj93/projects/RelictDace/data/de_novo/RD_alignment/RAD_align/RD_GSTS_008_R1.sort.proper.rmdup.bam,RD_GSTS_008,RD_GSTS_008,GSTS,179,GSTS,Twin Springs
/home/abenj93/projects/RelictDace/data/de_novo/RD_alignment/RAD_align/RD_GSTS_009_R1.sort.proper.rmdup.bam,RD_GSTS_009,RD_GSTS_009,GSTS,180,GSTS,Twin Springs
/home/abenj93/projects/RelictDace/data/de_novo/RD_alignment/RAD_align/RD_GSTS_010_R1.sort.proper.rmdup.bam,RD_GSTS_010,RD_GSTS_010,GSTS,181,GSTS,Twin Springs
/home/abenj93/projects/RelictDace/data/de_novo/RD_alignment/RAD_align/RD_GSTS_011_R1.sort.proper.rmdup.bam,RD_GSTS_011,RD_GSTS_011,GSTS,182,GSTS,Twin Springs
/home/abenj93/projects/RelictDace/data/de_novo/RD_alignment/RAD_align/RD_GSTS_012_R1.sort.proper.rmdup.bam,RD_GSTS_012,RD_GSTS_012,GSTS,183,GSTS,Twin Springs
/home/abenj93/projects/RelictDace/data/de_novo/RD_alignment/RAD_align/RD_GSTS_013_R1.sort.proper.rmdup.bam,RD_GSTS_013,RD_GSTS_013,GSTS,184,GSTS,Twin Springs
/home/abenj93/projects/RelictDace/data/de_novo/RD_alignment/RAD_align/RD_GSTS_014_R1.sort.proper.rmdup.bam,RD_GSTS_014,RD_GSTS_014,GSTS,185,GSTS,Twin Springs
/home/abenj93/projects/RelictDace/data/de_novo/RD_alignment/RAD_align/RD_GSTS_015_R1.sort.proper.rmdup.bam,RD_GSTS_015,RD_GSTS_015,GSTS,186,GSTS,Twin Springs
/home/abenj93/projects/RelictDace/data/de_novo/RD_alignment/RAD_align/RD_GSTS_016_R1.sort.proper.rmdup.bam,RD_GSTS_016,RD_GSTS_016,GSTS,187,GSTS,Twin Springs
/home/abenj93/projects/RelictDace/data/de_novo/RD_alignment/RAD_align/RD_GSTS_017_R1.sort.proper.rmdup.bam,RD_GSTS_017,RD_GSTS_017,GSTS,188,GSTS,Twin Springs
/home/abenj93/projects/RelictDace/data/de_novo/RD_alignment/RAD_align/RD_GSTS_018_R1.sort.proper.rmdup.bam,RD_GSTS_018,RD_GSTS_018,GSTS,189,GSTS,Twin Springs
/home/abenj93/projects/RelictDace/data/de_novo/RD_alignment/RAD_align/RD_GSTS_019_R1.sort.proper.rmdup.bam,RD_GSTS_019,RD_GSTS_019,GSTS,190,GSTS,Twin Springs
/home/abenj93/projects/RelictDace/data/de_novo/RD_alignment/RAD_align/RD_GSTS_020_R1.sort.proper.rmdup.bam,RD_GSTS_020,RD_GSTS_020,GSTS,191,GSTS,Twin Springs
/home/abenj93/projects/RelictDace/data/de_novo/RD_alignment/RAD_align/RD_RBFL_001_R1.sort.proper.rmdup.bam,RD_RBFL_001,RD_RBFL_001,RBFL,192,RBFL,Western Valleys
/home/abenj93/projects/RelictDace/data/de_novo/RD_alignment/RAD_align/RD_RBFL_002_R1.sort.proper.rmdup.bam,RD_RBFL_002,RD_RBFL_002,RBFL,193,RBFL,Western Valleys
/home/abenj93/projects/RelictDace/data/de_novo/RD_alignment/RAD_align/RD_RBFL_003_R1.sort.proper.rmdup.bam,RD_RBFL_003,RD_RBFL_003,RBFL,194,RBFL,Western Valleys
/home/abenj93/projects/RelictDace/data/de_novo/RD_alignment/RAD_align/RD_RBFL_004_R1.sort.proper.rmdup.bam,RD_RBFL_004,RD_RBFL_004,RBFL,195,RBFL,Western Valleys
/home/abenj93/projects/RelictDace/data/de_novo/RD_alignment/RAD_align/RD_RBFL_005_R1.sort.proper.rmdup.bam,RD_RBFL_005,RD_RBFL_005,RBFL,196,RBFL,Western Valleys
/home/abenj93/projects/RelictDace/data/de_novo/RD_alignment/RAD_align/RD_RBFL_006_R1.sort.proper.rmdup.bam,RD_RBFL_006,RD_RBFL_006,RBFL,197,RBFL,Western Valleys
/home/abenj93/projects/RelictDace/data/de_novo/RD_alignment/RAD_align/RD_RBFL_007_R1.sort.proper.rmdup.bam,RD_RBFL_007,RD_RBFL_007,RBFL,198,RBFL,Western Valleys
/home/abenj93/projects/RelictDace/data/de_novo/RD_alignment/RAD_align/RD_RBFL_008_R1.sort.proper.rmdup.bam,RD_RBFL_008,RD_RBFL_008,RBFL,199,RBFL,Western Valleys
/home/abenj93/projects/RelictDace/data/de_novo/RD_alignment/RAD_align/RD_RBFL_009_R1.sort.proper.rmdup.bam,RD_RBFL_009,RD_RBFL_009,RBFL,200,RBFL,Western Valleys
/home/abenj93/projects/RelictDace/data/de_novo/RD_alignment/RAD_align/RD_RBFL_010_R1.sort.proper.rmdup.bam,RD_RBFL_010,RD_RBFL_010,RBFL,201,RBFL,Western Valleys
/home/abenj93/projects/RelictDace/data/de_novo/RD_alignment/RAD_align/RD_RBFL_011_R1.sort.proper.rmdup.bam,RD_RBFL_011,RD_RBFL_011,RBFL,202,RBFL,Western Valleys
/home/abenj93/projects/RelictDace/data/de_novo/RD_alignment/RAD_align/RD_RBFL_012_R1.sort.proper.rmdup.bam,RD_RBFL_012,RD_RBFL_012,RBFL,203,RBFL,Western Valleys
/home/abenj93/projects/RelictDace/data/de_novo/RD_alignment/RAD_align/RD_RBFL_013_R1.sort.proper.rmdup.bam,RD_RBFL_013,RD_RBFL_013,RBFL,204,RBFL,Western Valleys
/home/abenj93/projects/RelictDace/data/de_novo/RD_alignment/RAD_align/RD_RBFL_014_R1.sort.proper.rmdup.bam,RD_RBFL_014,RD_RBFL_014,RBFL,205,RBFL,Western Valleys
/home/abenj93/projects/RelictDace/data/de_novo/RD_alignment/RAD_align/RD_RBFL_015_R1.sort.proper.rmdup.bam,RD_RBFL_015,RD_RBFL_015,RBFL,206,RBFL,Western Valleys
/home/abenj93/projects/RelictDace/data/de_novo/RD_alignment/RAD_align/RD_RBFL_016_R1.sort.proper.rmdup.bam,RD_RBFL_016,RD_RBFL_016,RBFL,207,RBFL,Western Valleys
/home/abenj93/projects/RelictDace/data/de_novo/RD_alignment/RAD_align/RD_RBFL_017_R1.sort.proper.rmdup.bam,RD_RBFL_017,RD_RBFL_017,RBFL,208,RBFL,Western Valleys
/home/abenj93/projects/RelictDace/data/de_novo/RD_alignment/RAD_align/RD_RBFL_018_R1.sort.proper.rmdup.bam,RD_RBFL_018,RD_RBFL_018,RBFL,209,RBFL,Western Valleys
/home/abenj93/projects/RelictDace/data/de_novo/RD_alignment/RAD_align/RD_RBFL_019_R1.sort.proper.rmdup.bam,RD_RBFL_019,RD_RBFL_019,RBFL,210,RBFL,Western Valleys
/home/abenj93/projects/RelictDace/data/de_novo/RD_alignment/RAD_align/RD_RBFL_020_R1.sort.proper.rmdup.bam,RD_RBFL_020,RD_RBFL_020,RBFL,211,RBFL,Western Valleys
/home/abenj93/projects/RelictDace/data/de_novo/RD_alignment/RAD_align/RD_RBFR_001_R1.sort.proper.rmdup.bam,RD_RBFR_001,RD_RBFR_001,RBFR,212,RBFR,Western Valleys
/home/abenj93/projects/RelictDace/data/de_novo/RD_alignment/RAD_align/RD_RBFR_002_R1.sort.proper.rmdup.bam,RD_RBFR_002,RD_RBFR_002,RBFR,213,RBFR,Western Valleys
/home/abenj93/projects/RelictDace/data/de_novo/RD_alignment/RAD_align/RD_RBFR_003_R1.sort.proper.rmdup.bam,RD_RBFR_003,RD_RBFR_003,RBFR,214,RBFR,Western Valleys
/home/abenj93/projects/RelictDace/data/de_novo/RD_alignment/RAD_align/RD_RBFR_004_R1.sort.proper.rmdup.bam,RD_RBFR_004,RD_RBFR_004,RBFR,215,RBFR,Western Valleys
/home/abenj93/projects/RelictDace/data/de_novo/RD_alignment/RAD_align/RD_RBFR_005_R1.sort.proper.rmdup.bam,RD_RBFR_005,RD_RBFR_005,RBFR,216,RBFR,Western Valleys
/home/abenj93/projects/RelictDace/data/de_novo/RD_alignment/RAD_align/RD_RBFR_006_R1.sort.proper.rmdup.bam,RD_RBFR_006,RD_RBFR_006,RBFR,217,RBFR,Western Valleys
/home/abenj93/projects/RelictDace/data/de_novo/RD_alignment/RAD_align/RD_RBFR_007_R1.sort.proper.rmdup.bam,RD_RBFR_007,RD_RBFR_007,RBFR,218,RBFR,Western Valleys
/home/abenj93/projects/RelictDace/data/de_novo/RD_alignment/RAD_align/RD_RBFR_008_R1.sort.proper.rmdup.bam,RD_RBFR_008,RD_RBFR_008,RBFR,219,RBFR,Western Valleys
/home/abenj93/projects/RelictDace/data/de_novo/RD_alignment/RAD_align/RD_RBFR_009_R1.sort.proper.rmdup.bam,RD_RBFR_009,RD_RBFR_009,RBFR,220,RBFR,Western Valleys
/home/abenj93/projects/RelictDace/data/de_novo/RD_alignment/RAD_align/RD_RBFR_010_R1.sort.proper.rmdup.bam,RD_RBFR_010,RD_RBFR_010,RBFR,221,RBFR,Western Valleys
/home/abenj93/projects/RelictDace/data/de_novo/RD_alignment/RAD_align/RD_RBFR_011_R1.sort.proper.rmdup.bam,RD_RBFR_011,RD_RBFR_011,RBFR,222,RBFR,Western Valleys
/home/abenj93/projects/RelictDace/data/de_novo/RD_alignment/RAD_align/RD_RBFR_012_R1.sort.proper.rmdup.bam,RD_RBFR_012,RD_RBFR_012,RBFR,223,RBFR,Western Valleys
/home/abenj93/projects/RelictDace/data/de_novo/RD_alignment/RAD_align/RD_RBFR_013_R1.sort.proper.rmdup.bam,RD_RBFR_013,RD_RBFR_013,RBFR,224,RBFR,Western Valleys
/home/abenj93/projects/RelictDace/data/de_novo/RD_alignment/RAD_align/RD_RBFR_014_R1.sort.proper.rmdup.bam,RD_RBFR_014,RD_RBFR_014,RBFR,225,RBFR,Western Valleys
/home/abenj93/projects/RelictDace/data/de_novo/RD_alignment/RAD_align/RD_RBFR_015_R1.sort.proper.rmdup.bam,RD_RBFR_015,RD_RBFR_015,RBFR,226,RBFR,Western Valleys
/home/abenj93/projects/RelictDace/data/de_novo/RD_alignment/RAD_align/RD_RBFR_016_R1.sort.proper.rmdup.bam,RD_RBFR_016,RD_RBFR_016,RBFR,227,RBFR,Western Valleys
/home/abenj93/projects/RelictDace/data/de_novo/RD_alignment/RAD_align/RD_RBFR_017_R1.sort.proper.rmdup.bam,RD_RBFR_017,RD_RBFR_017,RBFR,228,RBFR,Western Valleys
/home/abenj93/projects/RelictDace/data/de_novo/RD_alignment/RAD_align/RD_RBFR_018_R1.sort.proper.rmdup.bam,RD_RBFR_018,RD_RBFR_018,RBFR,229,RBFR,Western Valleys
/home/abenj93/projects/RelictDace/data/de_novo/RD_alignment/RAD_align/RD_RBFR_019_R1.sort.proper.rmdup.bam,RD_RBFR_019,RD_RBFR_019,RBFR,230,RBFR,Western Valleys
/home/abenj93/projects/RelictDace/data/de_novo/RD_alignment/RAD_align/RD_RBFR_020_R1.sort.proper.rmdup.bam,RD_RBFR_020,RD_RBFR_020,RBFR,231,RBFR,Western Valleys
/home/abenj93/projects/RelictDace/data/de_novo/RD_alignment/RAD_align/RD_RBRL_019_R1.sort.proper.rmdup.bam,RD_RBRL_019,RD_RBRL_019,P226,239,P226,Western Valleys
/home/abenj93/projects/RelictDace/data/de_novo/RD_alignment/RAD_align/RD_RBRL_023_R1.sort.proper.rmdup.bam,RD_RBRL_023,RD_RBRL_023,P246,242,P246,Western Valleys
/home/abenj93/projects/RelictDace/data/de_novo/RD_alignment/RAD_align/RD_RBRL_029_R1.sort.proper.rmdup.bam,RD_RBRL_029,RD_RBRL_029,P246,248,P246,Western Valleys
/home/abenj93/projects/RelictDace/data/de_novo/RD_alignment/RAD_align/RD_RBRL_030_R1.sort.proper.rmdup.bam,RD_RBRL_030,RD_RBRL_030,P246,249,P246,Western Valleys
/home/abenj93/projects/RelictDace/data/de_novo/RD_alignment/RAD_align/RD_SPKR_001_R1.sort.proper.rmdup.bam,RD_SPKR_001,RD_SPKR_001,SPKR,250,SPKR,Eastern Valleys
/home/abenj93/projects/RelictDace/data/de_novo/RD_alignment/RAD_align/RD_SPKR_002_R1.sort.proper.rmdup.bam,RD_SPKR_002,RD_SPKR_002,SPKR,251,SPKR,Eastern Valleys
/home/abenj93/projects/RelictDace/data/de_novo/RD_alignment/RAD_align/RD_SPKR_003_R1.sort.proper.rmdup.bam,RD_SPKR_003,RD_SPKR_003,SPKR,252,SPKR,Eastern Valleys
/home/abenj93/projects/RelictDace/data/de_novo/RD_alignment/RAD_align/RD_SPKR_004_R1.sort.proper.rmdup.bam,RD_SPKR_004,RD_SPKR_004,SPKR,253,SPKR,Eastern Valleys
/home/abenj93/projects/RelictDace/data/de_novo/RD_alignment/RAD_align/RD_SPKR_005_R1.sort.proper.rmdup.bam,RD_SPKR_005,RD_SPKR_005,SPKR,254,SPKR,Eastern Valleys
/home/abenj93/projects/RelictDace/data/de_novo/RD_alignment/RAD_align/RD_SPKR_006_R1.sort.proper.rmdup.bam,RD_SPKR_006,RD_SPKR_006,SPKR,255,SPKR,Eastern Valleys
/home/abenj93/projects/RelictDace/data/de_novo/RD_alignment/RAD_align/RD_SPKR_007_R1.sort.proper.rmdup.bam,RD_SPKR_007,RD_SPKR_007,SPKR,256,SPKR,Eastern Valleys
/home/abenj93/projects/RelictDace/data/de_novo/RD_alignment/RAD_align/RD_SPKR_008_R1.sort.proper.rmdup.bam,RD_SPKR_008,RD_SPKR_008,SPKR,257,SPKR,Eastern Valleys
/home/abenj93/projects/RelictDace/data/de_novo/RD_alignment/RAD_align/RD_SPKR_009_R1.sort.proper.rmdup.bam,RD_SPKR_009,RD_SPKR_009,SPKR,258,SPKR,Eastern Valleys
/home/abenj93/projects/RelictDace/data/de_novo/RD_alignment/RAD_align/RD_SPKR_010_R1.sort.proper.rmdup.bam,RD_SPKR_010,RD_SPKR_010,SPKR,259,SPKR,Eastern Valleys
/home/abenj93/projects/RelictDace/data/de_novo/RD_alignment/RAD_align/RD_SPKR_011_R1.sort.proper.rmdup.bam,RD_SPKR_011,RD_SPKR_011,SPKR,260,SPKR,Eastern Valleys
/home/abenj93/projects/RelictDace/data/de_novo/RD_alignment/RAD_align/RD_SPKR_012_R1.sort.proper.rmdup.bam,RD_SPKR_012,RD_SPKR_012,SPKR,261,SPKR,Eastern Valleys
/home/abenj93/projects/RelictDace/data/de_novo/RD_alignment/RAD_align/RD_SPKR_013_R1.sort.proper.rmdup.bam,RD_SPKR_013,RD_SPKR_013,SPKR,262,SPKR,Eastern Valleys
/home/abenj93/projects/RelictDace/data/de_novo/RD_alignment/RAD_align/RD_SPKR_014_R1.sort.proper.rmdup.bam,RD_SPKR_014,RD_SPKR_014,SPKR,263,SPKR,Eastern Valleys
/home/abenj93/projects/RelictDace/data/de_novo/RD_alignment/RAD_align/RD_SPKR_015_R1.sort.proper.rmdup.bam,RD_SPKR_015,RD_SPKR_015,SPKR,264,SPKR,Eastern Valleys
/home/abenj93/projects/RelictDace/data/de_novo/RD_alignment/RAD_align/RD_SPKR_016_R1.sort.proper.rmdup.bam,RD_SPKR_016,RD_SPKR_016,SPKR,265,SPKR,Eastern Valleys
/home/abenj93/projects/RelictDace/data/de_novo/RD_alignment/RAD_align/RD_SPKR_017_R1.sort.proper.rmdup.bam,RD_SPKR_017,RD_SPKR_017,SPKR,266,SPKR,Eastern Valleys
/home/abenj93/projects/RelictDace/data/de_novo/RD_alignment/RAD_align/RD_SPKR_018_R1.sort.proper.rmdup.bam,RD_SPKR_018,RD_SPKR_018,SPKR,267,SPKR,Eastern Valleys
/home/abenj93/projects/RelictDace/data/de_novo/RD_alignment/RAD_align/RD_SPKR_019_R1.sort.proper.rmdup.bam,RD_SPKR_019,RD_SPKR_019,SPKR,268,SPKR,Eastern Valleys
/home/abenj93/projects/RelictDace/data/de_novo/RD_alignment/RAD_align/RD_SPKR_020_R1.sort.proper.rmdup.bam,RD_SPKR_020,RD_SPKR_020,SPKR,269,SPKR,Eastern Valleys
/home/abenj93/projects/RelictDace/data/de_novo/RD_alignment/RAD_align/RD_SPSH_001_R1.sort.proper.rmdup.bam,RD_SPSH_001,RD_SPSH_001,SPSH,270,SPSH,Eastern Valleys
/home/abenj93/projects/RelictDace/data/de_novo/RD_alignment/RAD_align/RD_SPSH_002_R1.sort.proper.rmdup.bam,RD_SPSH_002,RD_SPSH_002,SPSH,271,SPSH,Eastern Valleys
/home/abenj93/projects/RelictDace/data/de_novo/RD_alignment/RAD_align/RD_SPSH_003_R1.sort.proper.rmdup.bam,RD_SPSH_003,RD_SPSH_003,SPSH,272,SPSH,Eastern Valleys
/home/abenj93/projects/RelictDace/data/de_novo/RD_alignment/RAD_align/RD_SPSH_004_R1.sort.proper.rmdup.bam,RD_SPSH_004,RD_SPSH_004,SPSH,273,SPSH,Eastern Valleys
/home/abenj93/projects/RelictDace/data/de_novo/RD_alignment/RAD_align/RD_SPSH_005_R1.sort.proper.rmdup.bam,RD_SPSH_005,RD_SPSH_005,SPSH,274,SPSH,Eastern Valleys
/home/abenj93/projects/RelictDace/data/de_novo/RD_alignment/RAD_align/RD_SPSH_006_R1.sort.proper.rmdup.bam,RD_SPSH_006,RD_SPSH_006,SPSH,275,SPSH,Eastern Valleys
/home/abenj93/projects/RelictDace/data/de_novo/RD_alignment/RAD_align/RD_SPSH_007_R1.sort.proper.rmdup.bam,RD_SPSH_007,RD_SPSH_007,SPSH,276,SPSH,Eastern Valleys
/home/abenj93/projects/RelictDace/data/de_novo/RD_alignment/RAD_align/RD_SPSH_008_R1.sort.proper.rmdup.bam,RD_SPSH_008,RD_SPSH_008,SPSH,277,SPSH,Eastern Valleys
/home/abenj93/projects/RelictDace/data/de_novo/RD_alignment/RAD_align/RD_SPSH_009_R1.sort.proper.rmdup.bam,RD_SPSH_009,RD_SPSH_009,SPSH,278,SPSH,Eastern Valleys
/home/abenj93/projects/RelictDace/data/de_novo/RD_alignment/RAD_align/RD_SPSH_010_R1.sort.proper.rmdup.bam,RD_SPSH_010,RD_SPSH_010,SPSH,279,SPSH,Eastern Valleys
/home/abenj93/projects/RelictDace/data/de_novo/RD_alignment/RAD_align/RD_SPSH_011_R1.sort.proper.rmdup.bam,RD_SPSH_011,RD_SPSH_011,SPSH,280,SPSH,Eastern Valleys
/home/abenj93/projects/RelictDace/data/de_novo/RD_alignment/RAD_align/RD_SPSH_012_R1.sort.proper.rmdup.bam,RD_SPSH_012,RD_SPSH_012,SPSH,281,SPSH,Eastern Valleys
/home/abenj93/projects/RelictDace/data/de_novo/RD_alignment/RAD_align/RD_SPSH_013_R1.sort.proper.rmdup.bam,RD_SPSH_013,RD_SPSH_013,SPSH,282,SPSH,Eastern Valleys
/home/abenj93/projects/RelictDace/data/de_novo/RD_alignment/RAD_align/RD_SPSH_014_R1.sort.proper.rmdup.bam,RD_SPSH_014,RD_SPSH_014,SPSH,283,SPSH,Eastern Valleys
/home/abenj93/projects/RelictDace/data/de_novo/RD_alignment/RAD_align/RD_SPSH_015_R1.sort.proper.rmdup.bam,RD_SPSH_015,RD_SPSH_015,SPSH,284,SPSH,Eastern Valleys
/home/abenj93/projects/RelictDace/data/de_novo/RD_alignment/RAD_align/RD_SPSH_016_R1.sort.proper.rmdup.bam,RD_SPSH_016,RD_SPSH_016,SPSH,285,SPSH,Eastern Valleys
/home/abenj93/projects/RelictDace/data/de_novo/RD_alignment/RAD_align/RD_SPSH_017_R1.sort.proper.rmdup.bam,RD_SPSH_017,RD_SPSH_017,SPSH,286,SPSH,Eastern Valleys
/home/abenj93/projects/RelictDace/data/de_novo/RD_alignment/RAD_align/RD_SPSH_018_R1.sort.proper.rmdup.bam,RD_SPSH_018,RD_SPSH_018,SPSH,287,SPSH,Eastern Valleys
/home/abenj93/projects/RelictDace/data/de_novo/RD_alignment/RAD_align/RD_SPSH_019_R1.sort.proper.rmdup.bam,RD_SPSH_019,RD_SPSH_019,SPSH,288,SPSH,Eastern Valleys
/home/abenj93/projects/RelictDace/data/de_novo/RD_alignment/RAD_align/RD_SPSH_020_R1.sort.proper.rmdup.bam,RD_SPSH_020,RD_SPSH_020,SPSH,289,SPSH,Eastern Valleys
/home/abenj93/projects/RelictDace/data/de_novo/RD_alignment/RAD_align/RD_STMR_001_R1.sort.proper.rmdup.bam,RD_STMR_001,RD_STMR_001,STMR,290,STMR,Eastern Valleys
/home/abenj93/projects/RelictDace/data/de_novo/RD_alignment/RAD_align/RD_STMR_002_R1.sort.proper.rmdup.bam,RD_STMR_002,RD_STMR_002,STMR,291,STMR,Eastern Valleys
/home/abenj93/projects/RelictDace/data/de_novo/RD_alignment/RAD_align/RD_STMR_003_R1.sort.proper.rmdup.bam,RD_STMR_003,RD_STMR_003,STMR,292,STMR,Eastern Valleys
/home/abenj93/projects/RelictDace/data/de_novo/RD_alignment/RAD_align/RD_STMR_004_R1.sort.proper.rmdup.bam,RD_STMR_004,RD_STMR_004,STMR,293,STMR,Eastern Valleys
/home/abenj93/projects/RelictDace/data/de_novo/RD_alignment/RAD_align/RD_STMR_005_R1.sort.proper.rmdup.bam,RD_STMR_005,RD_STMR_005,STMR,294,STMR,Eastern Valleys
/home/abenj93/projects/RelictDace/data/de_novo/RD_alignment/RAD_align/RD_STMR_006_R1.sort.proper.rmdup.bam,RD_STMR_006,RD_STMR_006,STMR,295,STMR,Eastern Valleys
/home/abenj93/projects/RelictDace/data/de_novo/RD_alignment/RAD_align/RD_STMR_007_R1.sort.proper.rmdup.bam,RD_STMR_007,RD_STMR_007,STMR,296,STMR,Eastern Valleys
/home/abenj93/projects/RelictDace/data/de_novo/RD_alignment/RAD_align/RD_STMR_008_R1.sort.proper.rmdup.bam,RD_STMR_008,RD_STMR_008,STMR,297,STMR,Eastern Valleys
/home/abenj93/projects/RelictDace/data/de_novo/RD_alignment/RAD_align/RD_STMR_009_R1.sort.proper.rmdup.bam,RD_STMR_009,RD_STMR_009,STMR,298,STMR,Eastern Valleys
/home/abenj93/projects/RelictDace/data/de_novo/RD_alignment/RAD_align/RD_STMR_010_R1.sort.proper.rmdup.bam,RD_STMR_010,RD_STMR_010,STMR,299,STMR,Eastern Valleys
/home/abenj93/projects/RelictDace/data/de_novo/RD_alignment/RAD_align/RD_STMR_011_R1.sort.proper.rmdup.bam,RD_STMR_011,RD_STMR_011,STMR,300,STMR,Eastern Valleys
/home/abenj93/projects/RelictDace/data/de_novo/RD_alignment/RAD_align/RD_STMR_012_R1.sort.proper.rmdup.bam,RD_STMR_012,RD_STMR_012,STMR,301,STMR,Eastern Valleys
/home/abenj93/projects/RelictDace/data/de_novo/RD_alignment/RAD_align/RD_STMR_013_R1.sort.proper.rmdup.bam,RD_STMR_013,RD_STMR_013,STMR,302,STMR,Eastern Valleys
/home/abenj93/projects/RelictDace/data/de_novo/RD_alignment/RAD_align/RD_STMR_014_R1.sort.proper.rmdup.bam,RD_STMR_014,RD_STMR_014,STMR,303,STMR,Eastern Valleys
/home/abenj93/projects/RelictDace/data/de_novo/RD_alignment/RAD_align/RD_STMR_015_R1.sort.proper.rmdup.bam,RD_STMR_015,RD_STMR_015,STMR,304,STMR,Eastern Valleys
/home/abenj93/projects/RelictDace/data/de_novo/RD_alignment/RAD_align/RD_STMR_016_R1.sort.proper.rmdup.bam,RD_STMR_016,RD_STMR_016,STMR,305,STMR,Eastern Valleys
/home/abenj93/projects/RelictDace/data/de_novo/RD_alignment/RAD_align/RD_STMR_017_R1.sort.proper.rmdup.bam,RD_STMR_017,RD_STMR_017,STMR,306,STMR,Eastern Valleys
/home/abenj93/projects/RelictDace/data/de_novo/RD_alignment/RAD_align/RD_STMR_018_R1.sort.proper.rmdup.bam,RD_STMR_018,RD_STMR_018,STMR,307,STMR,Eastern Valleys
/home/abenj93/projects/RelictDace/data/de_novo/RD_alignment/RAD_align/RD_STMR_019_R1.sort.proper.rmdup.bam,RD_STMR_019,RD_STMR_019,STMR,308,STMR,Eastern Valleys
/home/abenj93/projects/RelictDace/data/de_novo/RD_alignment/RAD_align/RD_STMR_020_R1.sort.proper.rmdup.bam,RD_STMR_020,RD_STMR_020,STMR,309,STMR,Eastern Valleys
/home/abenj93/projects/RelictDace/data/de_novo/RD_alignment/RAD_align/RD_STMR_021_R1.sort.proper.rmdup.bam,RD_STMR_021,RD_STMR_021,STMR,310,STMR,Eastern Valleys
/home/abenj93/projects/RelictDace/data/de_novo/RD_alignment/RAD_align/RD_STPR_001_R1.sort.proper.rmdup.bam,RD_STPR_001,RD_STPR_001,STPR_RD6BT2,311,STPR_RD6BT2,Eastern Valleys
/home/abenj93/projects/RelictDace/data/de_novo/RD_alignment/RAD_align/RD_STPR_002_R1.sort.proper.rmdup.bam,RD_STPR_002,RD_STPR_002,STPR_RD6BT2,312,STPR_RD6BT2,Eastern Valleys
/home/abenj93/projects/RelictDace/data/de_novo/RD_alignment/RAD_align/RD_STPR_003_R1.sort.proper.rmdup.bam,RD_STPR_003,RD_STPR_003,STPR_RD6BT2,313,STPR_RD6BT2,Eastern Valleys
/home/abenj93/projects/RelictDace/data/de_novo/RD_alignment/RAD_align/RD_STPR_004_R1.sort.proper.rmdup.bam,RD_STPR_004,RD_STPR_004,STPR_RD6BT2,314,STPR_RD6BT2,Eastern Valleys
/home/abenj93/projects/RelictDace/data/de_novo/RD_alignment/RAD_align/RD_STPR_005_R1.sort.proper.rmdup.bam,RD_STPR_005,RD_STPR_005,STPR_RD6BT2,315,STPR_RD6BT2,Eastern Valleys
/home/abenj93/projects/RelictDace/data/de_novo/RD_alignment/RAD_align/RD_STPR_006_R1.sort.proper.rmdup.bam,RD_STPR_006,RD_STPR_006,STPR_RD6BT2,316,STPR_RD6BT2,Eastern Valleys
/home/abenj93/projects/RelictDace/data/de_novo/RD_alignment/RAD_align/RD_STPR_007_R1.sort.proper.rmdup.bam,RD_STPR_007,RD_STPR_007,STPR_RD6BT2,317,STPR_RD6BT2,Eastern Valleys
/home/abenj93/projects/RelictDace/data/de_novo/RD_alignment/RAD_align/RD_STPR_008_R1.sort.proper.rmdup.bam,RD_STPR_008,RD_STPR_008,STPR_RD6BT2,318,STPR_RD6BT2,Eastern Valleys
/home/abenj93/projects/RelictDace/data/de_novo/RD_alignment/RAD_align/RD_STPR_009_R1.sort.proper.rmdup.bam,RD_STPR_009,RD_STPR_009,STPR_RD6BT2,319,STPR_RD6BT2,Eastern Valleys
/home/abenj93/projects/RelictDace/data/de_novo/RD_alignment/RAD_align/RD_STPR_010_R1.sort.proper.rmdup.bam,RD_STPR_010,RD_STPR_010,STPR_RD6BT2,320,STPR_RD6BT2,Eastern Valleys
/home/abenj93/projects/RelictDace/data/de_novo/RD_alignment/RAD_align/RD_STPR_011_R1.sort.proper.rmdup.bam,RD_STPR_011,RD_STPR_011,STPR_RD6BT2,321,STPR_RD6BT2,Eastern Valleys
/home/abenj93/projects/RelictDace/data/de_novo/RD_alignment/RAD_align/RD_STPR_012_R1.sort.proper.rmdup.bam,RD_STPR_012,RD_STPR_012,STPR_RD6BT2,322,STPR_RD6BT2,Eastern Valleys
/home/abenj93/projects/RelictDace/data/de_novo/RD_alignment/RAD_align/RD_STPR_013_R1.sort.proper.rmdup.bam,RD_STPR_013,RD_STPR_013,STPR_RD6BT2,323,STPR_RD6BT2,Eastern Valleys
/home/abenj93/projects/RelictDace/data/de_novo/RD_alignment/RAD_align/RD_STPR_014_R1.sort.proper.rmdup.bam,RD_STPR_014,RD_STPR_014,STPR_RD6BT2,324,STPR_RD6BT2,Eastern Valleys
/home/abenj93/projects/RelictDace/data/de_novo/RD_alignment/RAD_align/RD_STPR_015_R1.sort.proper.rmdup.bam,RD_STPR_015,RD_STPR_015,STPR_RD6BT2,325,STPR_RD6BT2,Eastern Valleys
/home/abenj93/projects/RelictDace/data/de_novo/RD_alignment/RAD_align/RD_STPR_016_R1.sort.proper.rmdup.bam,RD_STPR_016,RD_STPR_016,STPR_RD6BT2,326,STPR_RD6BT2,Eastern Valleys
/home/abenj93/projects/RelictDace/data/de_novo/RD_alignment/RAD_align/RD_STPR_017_R1.sort.proper.rmdup.bam,RD_STPR_017,RD_STPR_017,STPR_RD6BT2,327,STPR_RD6BT2,Eastern Valleys
/home/abenj93/projects/RelictDace/data/de_novo/RD_alignment/RAD_align/RD_STPR_018_R1.sort.proper.rmdup.bam,RD_STPR_018,RD_STPR_018,STPR_RD6BT2,328,STPR_RD6BT2,Eastern Valleys
/home/abenj93/projects/RelictDace/data/de_novo/RD_alignment/RAD_align/RD_STPR_019_R1.sort.proper.rmdup.bam,RD_STPR_019,RD_STPR_019,STPR_RD6BT2,329,STPR_RD6BT2,Eastern Valleys
/home/abenj93/projects/RelictDace/data/de_novo/RD_alignment/RAD_align/RD_STPR_020_R1.sort.proper.rmdup.bam,RD_STPR_020,RD_STPR_020,STPR_RD6BT2,330,STPR_RD6BT2,Eastern Valleys
/home/abenj93/projects/RelictDace/data/de_novo/RD_alignment/RAD_align/RD_STPR_021_R1.sort.proper.rmdup.bam,RD_STPR_021,RD_STPR_021,STPR_RD6FT1,331,STPR_RD6FT1,Eastern Valleys
/home/abenj93/projects/RelictDace/data/de_novo/RD_alignment/RAD_align/RD_STPR_022_R1.sort.proper.rmdup.bam,RD_STPR_022,RD_STPR_022,STPR_RD6FT1,332,STPR_RD6FT1,Eastern Valleys
/home/abenj93/projects/RelictDace/data/de_novo/RD_alignment/RAD_align/RD_STPR_023_R1.sort.proper.rmdup.bam,RD_STPR_023,RD_STPR_023,STPR_RD6FT1,333,STPR_RD6FT1,Eastern Valleys
/home/abenj93/projects/RelictDace/data/de_novo/RD_alignment/RAD_align/RD_STPR_024_R1.sort.proper.rmdup.bam,RD_STPR_024,RD_STPR_024,STPR_RD6FT1,334,STPR_RD6FT1,Eastern Valleys
/home/abenj93/projects/RelictDace/data/de_novo/RD_alignment/RAD_align/RD_STPR_025_R1.sort.proper.rmdup.bam,RD_STPR_025,RD_STPR_025,STPR_RD6FT1,335,STPR_RD6FT1,Eastern Valleys
/home/abenj93/projects/RelictDace/data/de_novo/RD_alignment/RAD_align/RD_STPR_026_R1.sort.proper.rmdup.bam,RD_STPR_026,RD_STPR_026,STPR_RD6FT1,336,STPR_RD6FT1,Eastern Valleys
/home/abenj93/projects/RelictDace/data/de_novo/RD_alignment/RAD_align/RD_STPR_027_R1.sort.proper.rmdup.bam,RD_STPR_027,RD_STPR_027,STPR_RD6FT1,337,STPR_RD6FT1,Eastern Valleys
/home/abenj93/projects/RelictDace/data/de_novo/RD_alignment/RAD_align/RD_STPR_028_R1.sort.proper.rmdup.bam,RD_STPR_028,RD_STPR_028,STPR_RD6FT1,338,STPR_RD6FT1,Eastern Valleys
/home/abenj93/projects/RelictDace/data/de_novo/RD_alignment/RAD_align/RD_STPR_029_R1.sort.proper.rmdup.bam,RD_STPR_029,RD_STPR_029,STPR_RD6FT1,339,STPR_RD6FT1,Eastern Valleys
/home/abenj93/projects/RelictDace/data/de_novo/RD_alignment/RAD_align/RD_STPR_030_R1.sort.proper.rmdup.bam,RD_STPR_030,RD_STPR_030,STPR_RD6FT1,340,STPR_RD6FT1,Eastern Valleys
/home/abenj93/projects/RelictDace/data/de_novo/RD_alignment/RAD_align/RD_STPR_031_R1.sort.proper.rmdup.bam,RD_STPR_031,RD_STPR_031,STPR_RD6FT1,341,STPR_RD6FT1,Eastern Valleys
/home/abenj93/projects/RelictDace/data/de_novo/RD_alignment/RAD_align/RD_STPR_032_R1.sort.proper.rmdup.bam,RD_STPR_032,RD_STPR_032,STPR_RD6FT1,342,STPR_RD6FT1,Eastern Valleys
/home/abenj93/projects/RelictDace/data/de_novo/RD_alignment/RAD_align/RD_STRT_001_R1.sort.proper.rmdup.bam,RD_STRT_001,RD_STRT_001,STRT,343,STRT,Eastern Valleys
/home/abenj93/projects/RelictDace/data/de_novo/RD_alignment/RAD_align/RD_STRT_002_R1.sort.proper.rmdup.bam,RD_STRT_002,RD_STRT_002,STRT,344,STRT,Eastern Valleys
/home/abenj93/projects/RelictDace/data/de_novo/RD_alignment/RAD_align/RD_STRT_003_R1.sort.proper.rmdup.bam,RD_STRT_003,RD_STRT_003,STRT,345,STRT,Eastern Valleys
/home/abenj93/projects/RelictDace/data/de_novo/RD_alignment/RAD_align/RD_STRT_004_R1.sort.proper.rmdup.bam,RD_STRT_004,RD_STRT_004,STRT,346,STRT,Eastern Valleys
/home/abenj93/projects/RelictDace/data/de_novo/RD_alignment/RAD_align/RD_STRT_005_R1.sort.proper.rmdup.bam,RD_STRT_005,RD_STRT_005,STRT,347,STRT,Eastern Valleys
/home/abenj93/projects/RelictDace/data/de_novo/RD_alignment/RAD_align/RD_STRT_006_R1.sort.proper.rmdup.bam,RD_STRT_006,RD_STRT_006,STRT,348,STRT,Eastern Valleys
/home/abenj93/projects/RelictDace/data/de_novo/RD_alignment/RAD_align/RD_STRT_007_R1.sort.proper.rmdup.bam,RD_STRT_007,RD_STRT_007,STRT,349,STRT,Eastern Valleys
/home/abenj93/projects/RelictDace/data/de_novo/RD_alignment/RAD_align/RD_STRT_008_R1.sort.proper.rmdup.bam,RD_STRT_008,RD_STRT_008,STRT,350,STRT,Eastern Valleys
/home/abenj93/projects/RelictDace/data/de_novo/RD_alignment/RAD_align/RD_STRT_009_R1.sort.proper.rmdup.bam,RD_STRT_009,RD_STRT_009,STRT,351,STRT,Eastern Valleys
/home/abenj93/projects/RelictDace/data/de_novo/RD_alignment/RAD_align/RD_STRT_010_R1.sort.proper.rmdup.bam,RD_STRT_010,RD_STRT_010,STRT,352,STRT,Eastern Valleys
/home/abenj93/projects/RelictDace/data/de_novo/RD_alignment/RAD_align/RD_STRT_011_R1.sort.proper.rmdup.bam,RD_STRT_011,RD_STRT_011,STRT,353,STRT,Eastern Valleys
/home/abenj93/projects/RelictDace/data/de_novo/RD_alignment/RAD_align/RD_STRT_012_R1.sort.proper.rmdup.bam,RD_STRT_012,RD_STRT_012,STRT,354,STRT,Eastern Valleys
/home/abenj93/projects/RelictDace/data/de_novo/RD_alignment/RAD_align/RD_STRT_013_R1.sort.proper.rmdup.bam,RD_STRT_013,RD_STRT_013,STRT,355,STRT,Eastern Valleys
/home/abenj93/projects/RelictDace/data/de_novo/RD_alignment/RAD_align/RD_STRT_014_R1.sort.proper.rmdup.bam,RD_STRT_014,RD_STRT_014,STRT,356,STRT,Eastern Valleys
/home/abenj93/projects/RelictDace/data/de_novo/RD_alignment/RAD_align/RD_STRT_015_R1.sort.proper.rmdup.bam,RD_STRT_015,RD_STRT_015,STRT,357,STRT,Eastern Valleys
/home/abenj93/projects/RelictDace/data/de_novo/RD_alignment/RAD_align/RD_STRT_016_R1.sort.proper.rmdup.bam,RD_STRT_016,RD_STRT_016,STRT,358,STRT,Eastern Valleys
/home/abenj93/projects/RelictDace/data/de_novo/RD_alignment/RAD_align/RD_STRT_017_R1.sort.proper.rmdup.bam,RD_STRT_017,RD_STRT_017,STRT,359,STRT,Eastern Valleys
/home/abenj93/projects/RelictDace/data/de_novo/RD_alignment/RAD_align/RD_STRT_018_R1.sort.proper.rmdup.bam,RD_STRT_018,RD_STRT_018,STRT,360,STRT,Eastern Valleys
/home/abenj93/projects/RelictDace/data/de_novo/RD_alignment/RAD_align/RD_STRT_019_R1.sort.proper.rmdup.bam,RD_STRT_019,RD_STRT_019,STRT,361,STRT,Eastern Valleys
/home/abenj93/projects/RelictDace/data/de_novo/RD_alignment/RAD_align/RD_STRT_020_R1.sort.proper.rmdup.bam,RD_STRT_020,RD_STRT_020,STRT,362,STRT,Eastern Valleys
/home/abenj93/projects/RelictDace/data/de_novo/RD_alignment/RAD_align/RD_STRT_021_R1.sort.proper.rmdup.bam,RD_STRT_021,RD_STRT_021,STRT,363,STRT,Eastern Valleys
/home/abenj93/projects/RelictDace/data/de_novo/RD_alignment/RAD_align/RD_STWA_001_R1.sort.proper.rmdup.bam,RD_STWA_001,RD_STWA_001,STWA,364,STWA,Eastern Valleys
/home/abenj93/projects/RelictDace/data/de_novo/RD_alignment/RAD_align/RD_STWA_002_R1.sort.proper.rmdup.bam,RD_STWA_002,RD_STWA_002,STWA,365,STWA,Eastern Valleys
/home/abenj93/projects/RelictDace/data/de_novo/RD_alignment/RAD_align/RD_STWA_003_R1.sort.proper.rmdup.bam,RD_STWA_003,RD_STWA_003,STWA,366,STWA,Eastern Valleys
/home/abenj93/projects/RelictDace/data/de_novo/RD_alignment/RAD_align/RD_STWA_004_R1.sort.proper.rmdup.bam,RD_STWA_004,RD_STWA_004,STWA,367,STWA,Eastern Valleys
/home/abenj93/projects/RelictDace/data/de_novo/RD_alignment/RAD_align/RD_STWA_005_R1.sort.proper.rmdup.bam,RD_STWA_005,RD_STWA_005,STWA,368,STWA,Eastern Valleys
/home/abenj93/projects/RelictDace/data/de_novo/RD_alignment/RAD_align/RD_STWA_006_R1.sort.proper.rmdup.bam,RD_STWA_006,RD_STWA_006,STWA,369,STWA,Eastern Valleys
/home/abenj93/projects/RelictDace/data/de_novo/RD_alignment/RAD_align/RD_STWA_007_R1.sort.proper.rmdup.bam,RD_STWA_007,RD_STWA_007,STWA,370,STWA,Eastern Valleys
/home/abenj93/projects/RelictDace/data/de_novo/RD_alignment/RAD_align/RD_STWA_008_R1.sort.proper.rmdup.bam,RD_STWA_008,RD_STWA_008,STWA,371,STWA,Eastern Valleys
/home/abenj93/projects/RelictDace/data/de_novo/RD_alignment/RAD_align/RD_STWA_009_R1.sort.proper.rmdup.bam,RD_STWA_009,RD_STWA_009,STWA,372,STWA,Eastern Valleys
/home/abenj93/projects/RelictDace/data/de_novo/RD_alignment/RAD_align/RD_STWA_010_R1.sort.proper.rmdup.bam,RD_STWA_010,RD_STWA_010,STWA,373,STWA,Eastern Valleys
/home/abenj93/projects/RelictDace/data/de_novo/RD_alignment/RAD_align/RD_STWA_011_R1.sort.proper.rmdup.bam,RD_STWA_011,RD_STWA_011,STWA,374,STWA,Eastern Valleys
/home/abenj93/projects/RelictDace/data/de_novo/RD_alignment/RAD_align/RD_STWA_012_R1.sort.proper.rmdup.bam,RD_STWA_012,RD_STWA_012,STWA,375,STWA,Eastern Valleys
/home/abenj93/projects/RelictDace/data/de_novo/RD_alignment/RAD_align/RD_STWA_013_R1.sort.proper.rmdup.bam,RD_STWA_013,RD_STWA_013,STWA,376,STWA,Eastern Valleys
/home/abenj93/projects/RelictDace/data/de_novo/RD_alignment/RAD_align/RD_STWA_014_R1.sort.proper.rmdup.bam,RD_STWA_014,RD_STWA_014,STWA,377,STWA,Eastern Valleys
/home/abenj93/projects/RelictDace/data/de_novo/RD_alignment/RAD_align/RD_STWA_015_R1.sort.proper.rmdup.bam,RD_STWA_015,RD_STWA_015,STWA,378,STWA,Eastern Valleys
/home/abenj93/projects/RelictDace/data/de_novo/RD_alignment/RAD_align/RD_STWA_016_R1.sort.proper.rmdup.bam,RD_STWA_016,RD_STWA_016,STWA,379,STWA,Eastern Valleys
/home/abenj93/projects/RelictDace/data/de_novo/RD_alignment/RAD_align/RD_STWA_017_R1.sort.proper.rmdup.bam,RD_STWA_017,RD_STWA_017,STWA,380,STWA,Eastern Valleys
/home/abenj93/projects/RelictDace/data/de_novo/RD_alignment/RAD_align/RD_STWA_018_R1.sort.proper.rmdup.bam,RD_STWA_018,RD_STWA_018,STWA,381,STWA,Eastern Valleys
/home/abenj93/projects/RelictDace/data/de_novo/RD_alignment/RAD_align/RD_STWA_019_R1.sort.proper.rmdup.bam,RD_STWA_019,RD_STWA_019,STWA,382,STWA,Eastern Valleys
/home/abenj93/projects/RelictDace/data/de_novo/RD_alignment/RAD_align/RD_STWA_020_R1.sort.proper.rmdup.bam,RD_STWA_020,RD_STWA_020,STWA,383,STWA,Eastern Valleys
/home/abenj93/projects/RelictDace/data/de_novo/RD_alignment/RAD_align/RD_STWA_021_R1.sort.proper.rmdup.bam,RD_STWA_021,RD_STWA_021,STWA,384,STWA,Eastern Valleys
/home/abenj93/projects/RelictDace/data/de_novo/RD_alignment/RAD_align/RD_STWA_022_R1.sort.proper.rmdup.bam,RD_STWA_022,RD_STWA_022,STWA,385,STWA,Eastern Valleys
/home/abenj93/projects/RelictDace/data/de_novo/RD_alignment/RAD_align/RD_STWA_023_R1.sort.proper.rmdup.bam,RD_STWA_023,RD_STWA_023,STWA,386,STWA,Eastern Valleys
/home/abenj93/projects/RelictDace/data/de_novo/RD_alignment/RAD_align/RD_STWA_024_R1.sort.proper.rmdup.bam,RD_STWA_024,RD_STWA_024,STWA,387,STWA,Eastern Valleys
/home/abenj93/projects/RelictDace/data/de_novo/RD_alignment/RAD_align/RD_STWA_025_R1.sort.proper.rmdup.bam,RD_STWA_025,RD_STWA_025,STWA,388,STWA,Eastern Valleys
/home/abenj93/projects/RelictDace/data/de_novo/RD_alignment/RAD_align/RD_STWA_026_R1.sort.proper.rmdup.bam,RD_STWA_026,RD_STWA_026,STWA,389,STWA,Eastern Valleys
/home/abenj93/projects/RelictDace/data/de_novo/RD_alignment/RAD_align/RD_STWA_027_R1.sort.proper.rmdup.bam,RD_STWA_027,RD_STWA_027,STWA,390,STWA,Eastern Valleys
/home/abenj93/projects/RelictDace/data/de_novo/RD_alignment/RAD_align/RD_STWA_028_R1.sort.proper.rmdup.bam,RD_STWA_028,RD_STWA_028,STWA,391,STWA,Eastern Valleys
/home/abenj93/projects/RelictDace/data/de_novo/RD_alignment/RAD_align/RD_STWA_029_R1.sort.proper.rmdup.bam,RD_STWA_029,RD_STWA_029,STWA,392,STWA,Eastern Valleys
